<?xml version="1.0"?>

<recovery>
	<details>
		<resolution width="480" height="800" />
		<author>Trter10</author>
		<title>ICS</title>
		<description>Ice Cream Sandwich-based theme</description>
		<preview>screenshot.png</preview>
	</details>

	<resources>
		<resource name="installing" type="image" filename="icon_firmware_install" />
		<resource name="DKLOGO" type="image" filename="droidknows-logo" />
		<resource name="clock" type="image" filename="clock" />
		<resource name="battery" type="image" filename="battery" />
		<resource name="home" type="image" filename="ic_sysbar_home" />
		<resource name="back" type="image" filename="ic_sysbar_back" />
		<resource name="settings" type="image" filename="ic_sysbar_settings" />
		<resource name="background" type="image" filename="icsbkrnd" />
		<resource name="font" type="font" filename="bluehighway-25" />
		<resource name="condensedfont" type="font" filename="bluehighway-25" />
		<resource name="filelist" type="font" filename="bluehighway-40" />
		<resource name="main_button" type="image" filename="menu-button" />
		<resource name="file_icon" type="image" filename="file" />
		<resource name="folder_icon" type="image" filename="folder" />
		<resource name="progress" type="animation" filename="indeterminate" />
		<resource name="lovebotanim" type="animation" filename="lovebot" />
		<resource name="progress_empty" type="image" filename="progress_empty" />
		<resource name="progress_full" type="image" filename="progress_fill" />
		<resource name="checkbox_false" type="image" filename="checkbox_empty" />
		<resource name="checkbox_true" type="image" filename="checkbox_checked" />
		<resource name="radio_false" type="image" filename="radio_empty" />
		<resource name="radio_true" type="image" filename="radio_selected" />
	<!--<resource name="small_button" type="image" filename="small-button" />-->
		<resource name="medium_button" type="image" filename="medium-button" />
		<resource name="sort_button" type="image" filename="sort-button" />
		<resource name="minus_button" type="image" filename="minus-button" />
		<resource name="plus_button" type="image" filename="plus-button" />
		<resource name="slider" type="image" filename="slider" />
		<resource name="slider-used" type="image" filename="slider-used" />
		<resource name="slider-touch" type="image" filename="slider-touch" />
		<resource name="unlock-icon" type="image" filename="unlock" />
	</resources>

	<variables>
		<variable name="col1_x" value="10" />
		<variable name="col2_x" value="240" />
		<variable name="col_center_x" value="128" />
		<variable name="center_x" value="240" />
		<variable name="row1_y" value="90" />
		<variable name="row2_y" value="250" />
		<variable name="row3_y" value="410" />
		<variable name="row4_y" value="570" />
		<variable name="menu_row1_y" value="170" />
		<variable name="menu_row2_y" value="330" />
		<variable name="row_queue_y" value="510" />
		<variable name="row1_header_y" value="115" />
		<variable name="row1_text_y" value="140" />
		<variable name="row2_text_y" value="170" />
		<variable name="row3_text_y" value="200" />
		<variable name="row4_text_y" value="230" />
		<variable name="row5_text_y" value="260" />
		<variable name="row6_text_y" value="290" />
		<variable name="row7_text_y" value="320" />
		<variable name="row8_text_y" value="350" />
		<variable name="row9_text_y" value="380" />
		<variable name="row10_text_y" value="410" />
		<variable name="row11_text_y" value="440" />
		<variable name="row12_text_y" value="480" />
		<variable name="row13_text_y" value="510" />
		<variable name="row14_text_y" value="540" />
		<variable name="row15_text_y" value="570" />
		<variable name="row16_text_y" value="600" />
		<variable name="row17_text_y" value="630" />
		<variable name="row18_text_y" value="660" />
		<variable name="zip_status_y" value="595" />
		<variable name="tz_selected_y" value="110" />
		<variable name="tz_set_y" value="580" />
		<variable name="tz_current_y" value="730" />
		<variable name="col_progressbar_x" value="114" />
		<variable name="row_progressbar_y" value="720" />
		<variable name="col1_medium_x" value="10" />
		<variable name="col2_medium_x" value="125" />
		<variable name="col3_medium_x" value="240" />
		<variable name="col4_medium_x" value="355" />
		<variable name="row1_medium_y" value="130" />
		<variable name="row2_medium_y" value="205" />
		<variable name="row3_medium_y" value="280" />
		<variable name="row4_medium_y" value="355" />
		<variable name="row5_medium_y" value="430" />
		<variable name="row6_medium_y" value="505" />
		<variable name="row7_medium_y" value="580" />
		<variable name="slider_x" value="58" />
		<variable name="slider_y" value="630" />
		<variable name="slider_text_y" value="671" />
		<variable name="button_text_color" value="#FFFFFF" />
		<variable name="text_color" value="#00bfff" />
		<variable name="info_text_color" value="#FF0000" />
		<variable name="testing_text_color" value="#01FF01" />
		<variable name="text_success_color" value="#01FF01" />
		<variable name="text_fail_color" value="#FF0101" />
		<variable name="home_button_x" value="10" />
		<variable name="home_button_y" value="766" />
		<variable name="back_button_x" value="413" />
		<variable name="back_button_y" value="766" />
		<variable name="sort_asc_text_y" value="670" />
		<variable name="sort_asc_button_y" value="660" />
		<variable name="sort_desc_text_y" value="710" />
		<variable name="sort_desc_button_y" value="700" />
		<variable name="sort_col1_button_x" value="170" />
		<variable name="sort_col2_button_x" value="230" />
		<variable name="sort_col3_button_x" value="290" />
	</variables>

	<templates>
		<template name="header">
			<background color="#000000FF" />

			<object type="image">
				<placement x="1" y="1" />
				<image resource="background" />
			</object>

			<object type="image">
				<placement x="370" y="28" />
				<image resource="clock" />
			</object>
			
			<object type="text" color="000000">
				<font resource="font" />
				<placement x="379" y="42" />
				<text>%tw_time%</text>
			</object>

			<object type="image">
				<placement x="20" y="20" />
				<image resource="battery" />
			</object>
			
			<object type="text" color="000000">
				<font resource="font" />
				<placement x="22" y="42" />
				<conditions>
					<condition var1="tw_no_battery_percent" var2="0" />
					<condition var1="tw_battery" op=">" var2="0" />
					<condition var1="tw_battery" op="<=" var2="100" />
				</conditions>
				<text>%tw_battery%</text>
			</object>

			<object type="button">
				<placement x="20" y="726" />
				<image resource="back" />
				<action function="key">back</action>
			</object>

			<object type="button">
				<placement x="180" y="745" />
				<image resource="home" />
				<action function="page">main</action>
			</object>
			
			<object type="button">
				<placement x="364" y="726" />
				<image resource="settings" />
				<action function="page">settings</action>
			</object>
		
			<object type="action">
				<touch key="power" />
				<action function="overlay">lock</action>
			</object>
		
			<object type="text" color="%text_color%">
				<font resource="font" />
				<placement x="182" y="42" />
				<text>TWRP v%tw_version%</text>
			</object>
			
			<object type="text" color="%testing_text_color%">
				<condition var1="tw_simulate_actions" var2="1" />
				<font resource="font" />
				<placement x="111" y="15" />
				<text>-Themer test mode active-</text>
			</object>
		</template>

		<template name="headerAlternate">
			<background color="#000000FF" />

			<object type="image">
				<placement x="1" y="1" />
				<image resource="background" />
			</object>

			<object type="image">
				<placement x="370" y="28" />
				<image resource="clock" />
			</object>
			
			<object type="text" color="000000">
				<font resource="font" />
				<placement x="379" y="42" />
				<text>%tw_time%</text>
			</object>

			<object type="image">
				<placement x="20" y="20" />
				<image resource="battery" />
			</object>
			
			<object type="text" color="000000">
				<font resource="font" />
				<placement x="22" y="42" />
				<conditions>
					<condition var1="tw_no_battery_percent" var2="0" />
					<condition var1="tw_battery" op=">" var2="0" />
					<condition var1="tw_battery" op="<=" var2="100" />
				</conditions>
				<text>%tw_battery%</text>
			</object>
		
			<object type="action">
				<touch key="power" />
				<action function="overlay">lock</action>
			</object>
		
			<object type="text" color="%text_color%">
				<font resource="font" />
				<placement x="182" y="42" />
				<text>TWRP v%tw_version%</text>
			</object>
			
			<object type="text" color="%testing_text_color%">
				<condition var1="tw_simulate_actions" var2="1" />
				<font resource="font" />
				<placement x="111" y="15" />
				<text>-Themer test mode active-</text>
			</object>
		</template>
		
		<template name="progress_bar">
			<object type="progressbar">
				<placement x="%col_progressbar_x%" y="%row_progressbar_y%" />
				<resource  empty="progress_empty" full="progress_full" />
				<data name="ui_progress" />
			</object>

			<object type="animation">
				<placement x="%col_progressbar_x%" y="%row_progressbar_y%" />
				<resource name="progress" />
				<speed fps="30" render="2" />
				<loop frame="1" />
			</object>
		</template>

		<template name="action_page_console">
			<object type="console">
				<placement x="0" y="%row2_y%" w="480" h="320" />
				<color foreground="#A0A0A0" background="#303030" scroll="#303030" />
				<font resource="fixed" />
			</object>
		</template>

		<template name="sort_options">
			<object type="text" color="%text_color%">
				<font resource="font" />
				<placement x="%col1_x%" y="%sort_asc_text_y%" />
				<text>Sort Ascending:</text>
			</object>

			<object type="button">
				<placement x="%sort_col1_button_x%" y="%sort_asc_button_y%" />
				<font resource="UItext" color="000000" />
				<text>Name</text>
				<image resource="sort_button" />
				<action function="set">tw_gui_sort_order=1</action>
			</object>

			<object type="button">
				<placement x="%sort_col2_button_x%" y="%sort_asc_button_y%" />
				<font resource="UItext" color="000000" />
				<text>Date</text>
				<image resource="sort_button" />
				<action function="set">tw_gui_sort_order=2</action>
			</object>

			<object type="button">
				<placement x="%sort_col3_button_x%" y="%sort_asc_button_y%" />
				<font resource="UItext" color="000000" />
				<text>Size</text>
				<image resource="sort_button" />
				<action function="set">tw_gui_sort_order=3</action>
			</object>

			<object type="text" color="%text_color%">
				<font resource="font" />
				<placement x="%col1_x%" y="%sort_desc_text_y%" />
				<text>Sort Descending:</text>
			</object>

			<object type="button">
				<placement x="%sort_col1_button_x%" y="%sort_desc_button_y%" />
				<font resource="UItext" color="000000" />
				<text>Name</text>
				<image resource="sort_button" />
				<action function="set">tw_gui_sort_order=-1</action>
			</object>

			<object type="button">
				<placement x="%sort_col2_button_x%" y="%sort_desc_button_y%" />
				<font resource="UItext" color="000000" />
				<text>Date</text>
				<image resource="sort_button" />
				<action function="set">tw_gui_sort_order=-2</action>
			</object>

			<object type="button">
				<placement x="%sort_col3_button_x%" y="%sort_desc_button_y%" />
				<font resource="UItext" color="000000" />
				<text>Size</text>
				<image resource="sort_button" />
				<action function="set">tw_gui_sort_order=-3</action>
			</object>
		</template>
	</templates>

	<pages>
		<page name="main">
			<object type="action">
				<actions>
					<action function="set">tw_clear_destination=main2</action>
					<action function="page">clear_vars</action>
				</actions>
			</object>
		</page>

		<page name="main2">
			<object type="template" name="header" />

			<object type="button">
				<placement x="%col1_x%" y="%row1_y%" />
				<font resource="font" color="%button_text_color%" />
				<text>Install</text>
				<image resource="main_button" />
				<action function="page">install</action>
			</object>

			<object type="button">
				<placement x="%col2_x%" y="%row1_y%" />
				<font resource="font" color="%button_text_color%" />
				<text>Wipe</text>
				<image resource="main_button" />
				<action function="page">wipe</action>
			</object>

			<object type="button">
				<placement x="%col1_x%" y="%row2_y%" />
				<font resource="font" color="%button_text_color%" />
				<text>Backup</text>
				<image resource="main_button" />
				<action function="page">backup</action>
			</object>

			<object type="button">
				<placement x="%col2_x%" y="%row2_y%" />
				<font resource="font" color="%button_text_color%" />
				<text>Restore</text>
				<image resource="main_button" />
				<action function="page">restore</action>
			</object>

			<object type="button">
				<placement x="%col1_x%" y="%row3_y%" />
				<font resource="font" color="%button_text_color%" />
				<text>Mount</text>
				<image resource="main_button" />
				<action function="page">mount</action>
			</object>

			<object type="button">
				<placement x="%col2_x%" y="%row3_y%" />
				<font resource="font" color="%button_text_color%" />
				<text>Settings</text>
				<image resource="main_button" />
				<action function="page">settings</action>
			</object>


			<object type="button">
				<placement x="%col1_x%" y="%row4_y%" />
				<font resource="font" color="%button_text_color%" />
				<text>Advanced</text>
				<image resource="main_button" />
				<action function="page">advanced</action>
			</object>

			<object type="button">
				<placement x="%col2_x%" y="%row4_y%" />
				<font resource="font" color="%button_text_color%" />
				<text>Reboot</text>
				<image resource="main_button" />
				<action function="page">reboot</action>
			</object>
		</page>

		<page name="install">
			<object type="template" name="header" />

			<object type="text" color="%text_color%">
				<font resource="font" />
				<placement x="%center_x%" y="%row1_header_y%" placement="4" />
				<text>Select Zip to Install</text>
			</object>

			<object type="fileselector">
				<placement x="5" y="132" w="470" h="520" />
				<icon folder="folder_icon" file="file_icon" />
				<background color="#303030" />
				<font resource="filelist" spacing="18" color="%text_color%" />
				<filter extn=".zip" folders="1" files="1" />
				<path name="tw_zip_location" default="/sdcard" />
				<data name="tw_filename" />
				<selection name="tw_file" />
			</object>

			<object type="template" name="sort_options" />

			<object type="action">
				<condition var1="tw_filename" op="modified" />
				<actions>
					<action function="queuezip"></action>
					<action function="page">flash_confirm</action>
				</actions>
			</object>

			<object type="action">
				<touch key="back" />
				<action function="page">main</action>
			</object>

			<object type="action">
				<touch key="home" />
				<action function="page">main</action>
			</object>


		</page>

		<page name="flash_confirm">
			<object type="template" name="header" />

			<object type="text" color="%text_color%">
				<font resource="font" />
				<placement x="%center_x%" y="%row1_text_y%" placement="4" />
				<text>WARNING: This operation may install incompatible</text>
			</object>

			<object type="text" color="%text_color%">
				<font resource="font" />
				<placement x="%center_x%" y="%row2_text_y%" placement="4" />
				<text>software and render your device unusable.</text>
			</object>

			<object type="text" color="%text_color%">
				<font resource="font" />
				<placement x="%center_x%" y="%row3_text_y%" placement="4" />
				<text>Folder:</text>
			</object>

			<object type="text" color="%text_color%">
				<font resource="font" />
				<placement x="%center_x%" y="%row4_text_y%" placement="4" />
				<text>%tw_zip_location%</text>
			</object>

			<object type="text" color="%text_color%">
				<font resource="font" />
				<placement x="%center_x%" y="%row5_text_y%" placement="4" />
				<text>File to flash:</text>
			</object>

			<object type="text" color="%text_color%">
				<font resource="font" />
				<placement x="%center_x%" y="%row6_text_y%" placement="4" />
				<text>%tw_file%</text>
			</object>

			<object type="text" color="%text_color%">
				<font resource="font" />
				<placement x="%center_x%" y="%row7_text_y%" placement="4" />
				<text>Press back to cancel adding this zip.</text>
			</object>

			<object type="checkbox">
				<placement x="%col1_x%" y="%row8_text_y%" />
				<font resource="font" color="%text_color%" />
				<text>Zip file signature verification?</text>
				<data variable="tw_signed_zip_verify" />
				<image checked="checkbox_true" unchecked="checkbox_false" />
			</object>

			<object type="checkbox">
				<placement x="%col1_x%" y="%row9_text_y%" />
				<font resource="font" color="%text_color%" />
				<text>Force MD5 check on all zips?</text>
				<data variable="tw_force_md5_check" />
				<image checked="checkbox_true" unchecked="checkbox_false" />
			</object>

			<object type="text" color="%text_color%">
				<font resource="font" />
				<placement x="%center_x%" y="%row11_text_y%" placement="4" />
				<text>File %tw_zip_queue_count% of max of 10</text>
			</object>

			<object type="slider">
				<placement x="%slider_x%" y="%slider_y%" placement="4" />
				<resource base="slider" used="slider-used" touch="slider-touch" />
				<action function="flash">flash_zip</action>
			</object>

			<object type="text" color="%text_color%">
				<font resource="font" />
				<placement x="%center_x%" y="%slider_text_y%" placement="4" />
				<text>Swipe to Confirm Flash</text>
			</object>

			<object type="button">
				<condition var1="tw_zip_queue_count" op="!=" var2="10"></condition>
				<placement x="%col1_x%" y="%row_queue_y%" />
				<font resource="font" color="%button_text_color%" />
				<text>Add More Zips</text>
				<image resource="main_button" />
				<action function="page">install</action>
			</object>

			<object type="button">
				<placement x="%col2_x%" y="%row_queue_y%" />
				<font resource="font" color="%button_text_color%" />
				<text>Clear Zip Queue</text>
				<image resource="main_button" />
				<actions>
					<action function="queueclear"></action>
					<action function="page">install</action>
				</actions>
			</object>

			<object type="action">
				<touch key="back" />
				<actions>
					<action function="cancelzip"></action>
					<action function="page">install</action>
				</actions>
			</object>

			<object type="action">
				<touch key="home" />
				<action function="page">main</action>
			</object>
		</page>

		<page name="flash_zip">
			<object type="template" name="headerAlternate" />

			<object type="console">
				<placement x="10" y="%row1_y%" w="460" h="420" />
				<color foreground="#A0A0A0" background="#303030" scroll="#303030" />
				<font resource="fixed" />
			</object>

            <!-- 520 is where it needs to be if its below,
                             290 is center	           		-->
			
			<object type="image">
				<image resource="installing" />
				<placement x="160" y="510" />
			</object>
			
			<object type="text" color="#545454">
				<font resource="font" />
				<placement x="%center_x%" y="605" placement="4" />
				<text>Flashing file %tw_zip_index% of %tw_zip_queue_count%</text>
			</object>

			<object type="text" color="#545454">
				<font resource="font" />
				<placement x="%center_x%" y="625" placement="4" />
				<text>%tw_filename%</text>
			</object>

			<object type="progressbar">
				<placement x="%col_progressbar_x%" y="%row_progressbar_y%" />
				<resource  empty="progress_empty" full="progress_full" />
				<data name="ui_progress" />
			</object>

			<object type="animation">
				<placement x="%col_progressbar_x%" y="%row_progressbar_y%" />
				<resource name="progress" />
				<speed fps="15" render="2" />
				<loop frame="1" />
			</object>

			<object type="action">
				<condition var1="tw_operation_state" var2="1" />
				<action function="page">flash_done</action>
			</object>
		</page>

		<page name="flash_done">
			<object type="template" name="header" />
			
			<object type="console">
				<placement x="10" y="%row1_y%" w="460" h="300" />
				<color foreground="#A0A0A0" background="#303030" scroll="#303030" />
				<font resource="fixed" />
			</object>

			<object type="button">
				<placement x="%col1_x%" y="490" />
				<font resource="font" color="%button_text_color%" />
				<text>Wipe cache/dalvik</text>
				<image resource="main_button" />
				<actions>
					<action function="set">tw_back=flash_done</action>
					<action function="set">tw_action=wipe</action>
					<action function="set">tw_action_param=/cache</action>
					<action function="set">tw_has_action2=1</action>
					<action function="set">tw_action2=wipe</action>
					<action function="set">tw_action2_param=dalvik</action>
					<action function="set">tw_text1=Wipe Cache & Dalvik?</action>
					<action function="set">tw_action_text1=Wiping Cache & Dalvik...</action>
					<action function="set">tw_complete_text1=Cache & Dalvik Wipe Complete</action>
					<action function="set">tw_slider_text=Swipe to Wipe</action>
					<action function="page">confirm_action</action>
				</actions>
			</object>

			<object type="button">
				<condition var1="tw_reboot_system" var2="1" />
				<placement x="%col2_x%" y="490" />
				<font resource="font" color="%button_text_color%" />
				<text>Reboot System</text>
				<image resource="main_button" />
				<action function="reboot">system</action>
			</object>

			<object type="text" color="%text_fail_color%">
				<condition var1="tw_operation_status" op="!=" var2="0" />
				<font resource="font" />
				<placement x="%center_x%" y="410" placement="4" />
				<text>Zip Install Failed</text>
			</object>

			<object type="text" color="%text_success_color%">
				<condition var1="tw_operation_status" var2="0" />
				<font resource="font" />
				<placement x="%center_x%" y="410" placement="4" />
				<text>Zip Install Successful</text>
			</object>

			<object type="action">
				<touch key="back" />
				<action function="page">install</action>
			</object>

			<object type="action">
				<touch key="home" />
				<action function="page">main</action>
			</object>
		</page>

		<page name="clear_vars">
			<object type="action">
				<action function="set">tw_text1=</action>
				<action function="set">tw_text2=</action>
				<action function="set">tw_text3=</action>
				<action function="set">tw_text4=</action>
				<action function="set">tw_action_text1=</action>
				<action function="set">tw_action_text2=</action>
				<action function="set">tw_action_param=</action>
				<action function="set">tw_has_action2=0</action>
				<action function="set">tw_action2=</action>
				<action function="set">tw_action2_param=</action>
				<action function="page">%tw_clear_destination%</action>
			</object>
		</page>

		<page name="confirm_action">
			<object type="template" name="header" />

			<object type="text" color="%text_color%">
				<font resource="font" />
				<placement x="%center_x%" y="%row1_text_y%" placement="4" />
				<text>%tw_text1%</text>
			</object>

			<object type="text" color="%text_color%">
				<font resource="font" />
				<placement x="%center_x%" y="%row2_text_y%" placement="4" />
				<text>%tw_text2%</text>
			</object>

			<object type="text" color="%text_color%">
				<font resource="font" />
				<placement x="%center_x%" y="%row3_text_y%" placement="4" />
				<text>%tw_text3%</text>
			</object>

			<object type="text" color="%text_color%">
				<font resource="font" />
				<placement x="%center_x%" y="%row4_text_y%" placement="4" />
				<text>%tw_text4%</text>
			</object>

			<object type="text" color="%text_color%">
				<font resource="font" />
				<placement x="%center_x%" y="%row10_text_y%" placement="4" />
				<text>Press back button to cancel.</text>
			</object>

			<object type="slider">
				<placement x="%slider_x%" y="%slider_y%" />
				<resource base="slider" used="slider-used" touch="slider-touch" />
				<action function="page">action_page</action>
			</object>

			<object type="text" color="%text_color%">
				<font resource="font" />
				<placement x="%center_x%" y="%slider_text_y%" placement="4" />
				<text>%tw_slider_text%</text>
			</object>

			<object type="action">
				<touch key="back" />
				<action function="page">%tw_back%</action>
			</object>

			<object type="action">
				<touch key="home" />
				<action function="page">main</action>
			</object>


		</page>

		<page name="action_page">
			<object type="template" name="headerAlternate" />

			<object type="text" color="%text_color%">
				<font resource="font" />
				<placement x="%center_x%" y="%row1_text_y%" placement="4" />
				<text>%tw_action_text1%</text>
			</object>

			<object type="text" color="%text_color%">
				<font resource="font" />
				<placement x="%center_x%" y="%row2_text_y%" placement="4" />
				<text>%tw_action_text2%</text>
			</object>

			<object type="template" name="action_page_console" />

			<object type="template" name="progress_bar" />

			<object type="action">
				<conditions>
					<condition var1="tw_operation_state" var2="1" />
					<condition var1="tw_operation_status" var2="0" />
				</conditions>
				<actions>
					<action function="page">action_complete</action>
				</actions>
			</object>

			<object type="action">
				<conditions>
					<condition var1="tw_operation_state" var2="1" />
					<condition var1="tw_operation_status" op="!=" var2="0" />
				</conditions>
				<actions>
					<action function="page">action_complete</action>
				</actions>
			</object>

			<object type="action">
				<condition var1="tw_has_action2" var2="0" />
				<actions>
					<action function="%tw_action%">%tw_action_param%</action>
				</actions>
			</object>

			<object type="action">
				<condition var1="tw_has_action2" var2="1" />
				<actions>
					<action function="%tw_action%">%tw_action_param%</action>
					<action function="%tw_action2%">%tw_action2_param%</action>
				</actions>
			</object>
		</page>

		<page name="action_complete">
			<object type="template" name="header" />

			<object type="text" color="%text_color%">
				<font resource="font" />
				<placement x="%center_x%" y="%row1_text_y%" placement="4" />
				<text>%tw_complete_text1%</text>
			</object>

			<object type="text" color="%text_fail_color%">
				<condition var1="tw_operation_status" op="!=" var2="0" />
				<font resource="font" />
				<placement x="%center_x%" y="%row2_text_y%" placement="4" />
				<text>Failed</text>
			</object>

			<object type="text" color="%text_success_color%">
				<condition var1="tw_operation_status" var2="0" />
				<font resource="font" />
				<placement x="%center_x%" y="%row2_text_y%" placement="4" />
				<text>Successful</text>
			</object>

			<object type="template" name="action_page_console" />

			<object type="button">
				<placement x="%col_center_x%" y="%row4_y%" />
				<font resource="font" color="%button_text_color%" />
				<text>Back</text>
				<image resource="main_button" />
				<actions>
					<action function="set">tw_clear_destination=%tw_back%</action>
					<action function="page">clear_vars</action>
				</actions>
			</object>

			<object type="action">
				<touch key="home" />
				<actions>
					<action function="set">tw_clear_destination=main2</action>
					<action function="page">clear_vars</action>
				</actions>
			</object>

			<object type="action">
				<touch key="back" />
				<actions>
					<action function="set">tw_clear_destination=%tw_back%</action>
					<action function="page">clear_vars</action>
				</actions>
			</object>
		</page>

		<page name="wipe">
			<object type="template" name="header" />

			<object type="text" color="%text_color%">
				<font resource="font" />
				<placement x="%center_x%" y="%row1_header_y%" placement="4" />
				<text>Wipe Menu</text>
			</object>

			<object type="button">
				<placement x="%col1_x%" y="%row1_y%" />
				<font resource="font" color="%button_text_color%" />
				<text>Cache</text>
				<image resource="main_button" />
				<actions>
					<action function="set">tw_back=wipe</action>
					<action function="set">tw_action=wipe</action>
					<action function="set">tw_action_param=/cache</action>
					<action function="set">tw_text1=Wipe Cache?</action>
					<action function="set">tw_action_text1=Wiping Cache...</action>
					<action function="set">tw_complete_text1=Cache Wipe Complete</action>
					<action function="set">tw_slider_text=Swipe to Wipe</action>
					<action function="page">confirm_action</action>
				</actions>
			</object>

			<object type="button">
				<placement x="%col2_x%" y="%row1_y%" />
				<font resource="font" color="%button_text_color%" />
				<text>Dalvik Cache</text>
				<image resource="main_button" />
				<actions>
					<action function="set">tw_back=wipe</action>
					<action function="set">tw_action=wipe</action>
					<action function="set">tw_action_param=dalvik</action>
					<action function="set">tw_text1=Wipe Dalvik-Cache?</action>
					<action function="set">tw_action_text1=Wiping Dalvik-Cache...</action>
					<action function="set">tw_complete_text1=Dalvik-Cache Wipe Complete</action>
					<action function="set">tw_slider_text=Swipe to Wipe</action>
					<action function="page">confirm_action</action>
				</actions>
			</object>

			<object type="button">
				<placement x="%col1_x%" y="%row2_y%" />
				<font resource="font" color="%button_text_color%" />
				<text>Factory Reset</text>
				<image resource="main_button" />
				<actions>
					<action function="set">tw_back=wipe</action>
					<action function="set">tw_action=wipe</action>
					<action function="set">tw_action_param=data</action>
					<action function="set">tw_text1=Factory Reset?</action>
					<action function="set">tw_text2=(Wipes Data and Cache)</action>
					<action function="set">tw_action_text1=Factory Reset...</action>
					<action function="set">tw_complete_text1=Factory Reset Complete</action>
					<action function="set">tw_slider_text=Swipe to Wipe</action>
					<action function="page">confirm_action</action>
				</actions>
			</object>

			<object type="button">
				<placement x="%col2_x%" y="%row2_y%" />
				<font resource="font" color="%button_text_color%" />
				<text>Battery Stats</text>
				<image resource="main_button" />
				<actions>
					<action function="set">tw_back=wipe</action>
					<action function="set">tw_action=wipe</action>
					<action function="set">tw_action_param=battery</action>
					<action function="set">tw_text1=Wipe Battery Stats?</action>
					<action function="set">tw_action_text1=Wiping Battery Stats...</action>
					<action function="set">tw_complete_text1=Battery Stats Wipe Complete</action>
					<action function="set">tw_slider_text=Swipe to Wipe</action>
					<action function="page">confirm_action</action>
				</actions>
			</object>

			<object type="button">
				<placement x="%col1_x%" y="%row3_y%" />
				<font resource="font" color="%button_text_color%" />
				<text>Rotation</text>
				<image resource="main_button" />
				<actions>
					<action function="set">tw_back=wipe</action>
					<action function="set">tw_action=wipe</action>
					<action function="set">tw_action_param=rotate</action>
					<action function="set">tw_text1=Wipe Rotation Data?</action>
					<action function="set">tw_action_text1=Wiping Rotation Data...</action>
					<action function="set">tw_complete_text1=Rotation Data Wipe Complete</action>
					<action function="set">tw_slider_text=Swipe to Wipe</action>
					<action function="page">confirm_action</action>
				</actions>
			</object>

			<object type="button">
				<placement x="%col2_x%" y="%row3_y%" />
				<font resource="font" color="%button_text_color%" />
				<text>System</text>
				<image resource="main_button" />
				<actions>
					<action function="set">tw_back=wipe</action>
					<action function="set">tw_action=wipe</action>
					<action function="set">tw_action_param=/system</action>
					<action function="set">tw_text1=Wipe System?</action>
					<action function="set">tw_text2=This will wipe your ROM</action>
					<action function="set">tw_action_text1=Wiping System...</action>
					<action function="set">tw_complete_text1=System Wipe Complete</action>
					<action function="set">tw_slider_text=Swipe to Wipe</action>
					<action function="page">confirm_action</action>
				</actions>
			</object>

			<object type="button">
				<condition var1="tw_use_external_storage" var2="1" />
				<placement x="%col1_x%" y="%row4_y%" />
				<font resource="font" color="%button_text_color%" />
				<text>SD Card</text>
				<image resource="main_button" />
				<actions>
					<action function="set">tw_back=wipe</action>
					<action function="set">tw_action=wipe</action>
					<action function="set">tw_action_param=/sdcard</action>
					<action function="set">tw_has_action2=1</action>
					<action function="set">tw_action2=set</action>
					<action function="set">tw_action2_param=tw_zip_location=/sdcard</action>
					<action function="set">tw_text1=Wipe SD Card?</action>
					<action function="set">tw_action_text1=Wiping SD Card...</action>
					<action function="set">tw_complete_text1=SD Card Wipe Complete</action>
					<action function="set">tw_slider_text=Swipe to Wipe</action>
					<action function="page">confirm_action</action>
				</actions>
			</object>

			<object type="button">
				<condition var1="tw_has_sdext_partition" var2="1" />
				<placement x="%col2_x%" y="%row4_y%" />
				<font resource="font" color="%button_text_color%" />
				<text>SD Ext</text>
				<image resource="main_button" />
				<actions>
					<action function="set">tw_back=wipe</action>
					<action function="set">tw_action=wipe</action>
					<action function="set">tw_action_param=/sd-ext</action>
					<action function="set">tw_text1=Wipe SD-Ext?</action>
					<action function="set">tw_action_text1=Wiping SD-Ext...</action>
					<action function="set">tw_complete_text1=SD-Ext Wipe Complete</action>
					<action function="set">tw_slider_text=Swipe to Wipe</action>
					<action function="page">confirm_action</action>
				</actions>
			</object>

			<object type="action">
				<touch key="home" />
				<action function="page">main</action>
			</object>

			<object type="action">
				<touch key="back" />
				<action function="page">main</action>
			</object>


		</page>

		<page name="backup">
			<object type="template" name="header" />

			<object type="text" color="%text_color%">
				<placement x="%col1_x%" y="%row1_text_y%" />
				<font resource="font" />
				<text>Backup Device</text>
			</object>

			<object type="slider">
				<placement x="%slider_x%" y="slider_y" />
				<resource base="slider" used="slider-used" touch="slider-touch" />
				<action function="page">backup_run</action>
			</object>

			<object type="text" color="%text_color%">
				<font resource="font" />
				<placement x="%center_x%" y="slider_text_y" placement="4" />
				<text>Swipe to Back Up</text>
			</object>

			<object type="button">
				<placement x="%col2_x%" y="%row1_y%" />
				<font resource="font" color="%button_text_color%" />
				<text>Refresh Sizes</text>
				<image resource="main_button" />
				<action function="refreshsizes"></action>
			</object>

			<object type="checkbox">
				<placement x="%col1_x%" y="%row2_text_y%" />
				<font resource="font" color="%text_color%" />
				<text>System (%tw_backup_system_size% MB)</text>
				<data variable="tw_backup_system" />
				<image checked="checkbox_true" unchecked="checkbox_false" />
			</object>

			<object type="checkbox">
				<placement x="%col1_x%" y="%row3_text_y%" />
				<font resource="font" color="%text_color%" />
				<text>Data (%tw_backup_data_size% MB)</text>
				<data variable="tw_backup_data" />
				<image checked="checkbox_true" unchecked="checkbox_false" />
			</object>

			<object type="checkbox">
				<placement x="%col1_x%" y="%row4_text_y%" />
				<font resource="font" color="%text_color%" />
				<text>Boot (%tw_backup_boot_size% MB)</text>
				<data variable="tw_backup_boot" />
				<image checked="checkbox_true" unchecked="checkbox_false" />
			</object>

			<object type="checkbox">
				<condition var1="tw_has_recovery_partition" var2="1" />
				<placement x="%col1_x%" y="%row5_text_y%" />
				<font resource="font" color="%text_color%" />
				<text>Recovery (%tw_backup_recovery_size% MB)</text>
				<data variable="tw_backup_recovery" />
				<image checked="checkbox_true" unchecked="checkbox_false" />
			</object>

			<object type="checkbox">
				<placement x="%col1_x%" y="%row6_text_y%" />
				<font resource="font" color="%text_color%" />
				<text>Cache (%tw_backup_cache_size% MB)</text>
				<data variable="tw_backup_cache" />
				<image checked="checkbox_true" unchecked="checkbox_false" />
			</object>

			<object type="checkbox">
				<condition var1="tw_has_android_secure" var2="1" />
				<placement x="%col1_x%" y="%row7_text_y%" />
				<font resource="font" color="%text_color%" />
				<text>.android_secure (%tw_backup_andsec_size% MB)</text>
				<condition var1="fileexists" var2="/sdcard/.android_secure" />
				<data variable="tw_backup_andsec" />
				<image checked="checkbox_true" unchecked="checkbox_false" />
			</object>

			<object type="checkbox">
				<condition var1="tw_has_sdext_partition" var2="1" />
				<placement x="%col1_x%" y="%row8_text_y%" />
				<font resource="font" color="%text_color%" />
				<text>sd-ext (%tw_backup_sdext_size% MB)</text>
				<condition var1="fileexists" var2="/sd-ext" />
				<data variable="tw_backup_sdext" />
				<image checked="checkbox_true" unchecked="checkbox_false" />
			</object>

			<object type="checkbox">
				<condition var1="tw_sp1_name" op=">" var2="" />
				<placement x="%col1_x%" y="%row10_text_y%" />
				<font resource="font" color="%text_color%" />
				<text>%tw_sp1_name% (%tw_backup_sp1_size% MB)</text>
				<data variable="tw_backup_sp1" />
				<image checked="checkbox_true" unchecked="checkbox_false" />
			</object>

			<object type="checkbox">
				<condition var1="tw_sp2_name" op=">" var2="" />
				<placement x="%col1_x%" y="%row11_text_y%" />
				<font resource="font" color="%text_color%" />
				<text>%tw_sp2_name% (%tw_backup_sp2_size% MB)</text>
				<data variable="tw_backup_sp2" />
				<image checked="checkbox_true" unchecked="checkbox_false" />
			</object>

			<object type="checkbox">
				<condition var1="tw_sp3_name" op=">" var2="" />
				<placement x="%col1_x%" y="%row12_text_y%" />
				<font resource="font" color="%text_color%" />
				<text>%tw_sp3_name% (%tw_backup_sp3_size% MB)</text>
				<data variable="tw_backup_sp3" />
				<image checked="checkbox_true" unchecked="checkbox_false" />
			</object>

			<object type="text" color="%text_color%">
				<font resource="font" />
				<placement x="%col1_x%" y="%row13_text_y%" />
				<text>Free Space: %tw_storage_free_size% MB</text>
			</object>

			<object type="checkbox">
				<placement x="%col1_x%" y="%row14_text_y%" />
				<font resource="font" color="%text_color%" />
				<text>Enable Compression (Requires more time)</text>
				<data variable="tw_use_compression" />
				<image checked="checkbox_true" unchecked="checkbox_false" />
			</object>

			<object type="checkbox">
				<placement x="%col1_x%" y="%row15_text_y%" />
				<font resource="font" color="%text_color%" />
				<text>Skip MD5 generation on backups</text>
				<data variable="tw_skip_md5_generate" />
				<image checked="checkbox_true" unchecked="checkbox_false" />
			</object>

			<object type="action">
				<touch key="home" />
				<action function="page">main</action>
			</object>

			<object type="action">
				<touch key="back" />
				<action function="page">main</action>
			</object>


		</page>

		<page name="backup_run">
			<object type="template" name="headerAlternate" />

			<object type="text" color="%text_color%">
				<font resource="font" />
				<placement x="%center_x%" y="%row1_text_y%" placement="4" />
				<text>%tw_operation% %tw_partition%</text>
			</object>

			<object type="template" name="action_page_console" />

			<object type="template" name="progress_bar" />

			<object type="action">
				<conditions>
					<condition var1="tw_operation_state" var2="1" />
					<condition var1="tw_operation_status" var2="0" />
				</conditions>
				<actions>
					<action function="set">tw_back=backup</action>
					<action function="set">tw_complete_text1=Backup Complete</action>
					<action function="page">action_complete</action>
				</actions>
			</object>

			<object type="action">
				<conditions>
					<condition var1="tw_operation_state" var2="1" />
					<condition var1="tw_operation_status" var2="1" />
				</conditions>
				<actions>
					<action function="set">tw_back=backup</action>
					<action function="set">tw_complete_text1=Backup Complete</action>
					<action function="page">action_complete</action>
				</actions>
			</object>

			<object type="action">
				<action function="nandroid">backup</action>
			</object>
		</page>

		<page name="restore">
			<object type="template" name="header" />

			<object type="text" color="%text_color%">
				<font resource="font" />
				<placement x="%center_x%" y="%row1_header_y%" placement="4" />
				<text>Select packge to restore</text>
			</object>

			<object type="fileselector">
				<placement x="5" y="135" w="470" h="510" />
				<icon folder="folder_icon" file="file_icon" />
				<background color="#303030" />
				<font resource="filelist" spacing="18" color="%text_color%" />
				<filter folders="1" files="0" nav="0" />
				<path name="tw_backups_folder" />
				<data name="tw_restore" default="" />
				<selection name="tw_restore_name" />
			</object>

			<object type="template" name="sort_options" />

			<object type="action">
				<condition var1="tw_restore" op="modified" />
				<actions>
					<action function="readBackup"></action>
					<action function="page">restore_select</action>
				</actions>
			</object>

			<object type="action">
				<touch key="home" />
				<action function="page">main</action>
			</object>

			<object type="action">
				<touch key="back" />
				<action function="page">main</action>
			</object>


		</page>

		<page name="restore_select">
			<object type="template" name="header" />

			<object type="text">
				<placement x="%center_x%" y="%row1_header_y%" placement="4" />
				<font resource="font" color="%text_color%" />
				<text>Restoring: %tw_restore_name%</text>
			</object>

			<object type="slider">
				<placement x="%slider_x%" y="%slider_y%" />
				<resource base="slider" used="slider-used" touch="slider-touch" />
				<action function="page">restore_run</action>
			</object>

			<object type="text" color="%text_color%">
				<font resource="font" />
				<placement x="%center_x%" y="%slider_text_y%" placement="4" />
				<text>Swipe to Restore</text>
			</object>

			<object type="checkbox">
				<placement x="%col1_x%" y="%row2_text_y%" />
				<font resource="font" color="%text_color%" />
				<text>System</text>
				<condition var1="tw_restore_system" op=">=" var2="0" />
				<data variable="tw_restore_system" />
				<image checked="checkbox_true" unchecked="checkbox_false" />
			</object>

			<object type="checkbox">
				<placement x="%col1_x%" y="%row3_text_y%" />
				<font resource="font" color="%text_color%" />
				<text>Data</text>
				<condition var1="tw_restore_data" op=">=" var2="0" />
				<data variable="tw_restore_data" />
				<image checked="checkbox_true" unchecked="checkbox_false" />
			</object>

			<object type="checkbox">
				<placement x="%col1_x%" y="%row4_text_y%" />
				<font resource="font" color="%text_color%" />
				<text>Boot</text>
				<condition var1="tw_restore_boot" op=">=" var2="0" />
				<data variable="tw_restore_boot" />
				<image checked="checkbox_true" unchecked="checkbox_false" />
			</object>

			<object type="checkbox">
				<placement x="%col1_x%" y="%row5_text_y%" />
				<font resource="font" color="%text_color%" />
				<text>Recovery</text>
				<condition var1="tw_restore_recovery" op=">=" var2="0" />
				<data variable="tw_restore_recovery" />
				<image checked="checkbox_true" unchecked="checkbox_false" />
			</object>

			<object type="checkbox">
				<placement x="%col1_x%" y="%row6_text_y%" />
				<font resource="font" color="%text_color%" />
				<text>Cache</text>
				<condition var1="tw_restore_cache" op=">=" var2="0" />
				<data variable="tw_restore_cache" />
				<image checked="checkbox_true" unchecked="checkbox_false" />
			</object>

			<object type="checkbox">
				<placement x="%col1_x%" y="%row7_text_y%" />
				<font resource="font" color="%text_color%" />
				<text>.android_secure</text>
				<condition var1="tw_restore_andsec" op=">=" var2="0" />
				<data variable="tw_restore_andsec" />
				<image checked="checkbox_true" unchecked="checkbox_false" />
			</object>

			<object type="checkbox">
				<placement x="%col1_x%" y="%row8_text_y%" />
				<font resource="font" color="%text_color%" />
				<text>sd-ext</text>
				<condition var1="tw_restore_sdext" op=">=" var2="0" />
				<data variable="tw_restore_sdext" />
				<image checked="checkbox_true" unchecked="checkbox_false" />
			</object>

			<object type="checkbox">
				<placement x="%col1_x%" y="%row10_text_y%" />
				<font resource="font" color="%text_color%" />
				<text>%tw_sp1_name%</text>
				<condition var1="tw_restore_sp1" op=">=" var2="0" />
				<data variable="tw_restore_sp1" />
				<image checked="checkbox_true" unchecked="checkbox_false" />
			</object>

			<object type="checkbox">
				<placement x="%col1_x%" y="%row11_text_y%" />
				<font resource="font" color="%text_color%" />
				<text>%tw_sp2_name%</text>
				<condition var1="tw_restore_sp2" op=">=" var2="0" />
				<data variable="tw_restore_sp2" />
				<image checked="checkbox_true" unchecked="checkbox_false" />
			</object>

			<object type="checkbox">
				<placement x="%col1_x%" y="%row12_text_y%" />
				<font resource="font" color="%text_color%" />
				<text>%tw_sp3_name%</text>
				<condition var1="tw_restore_sp3" op=">=" var2="0" />
				<data variable="tw_restore_sp3" />
				<image checked="checkbox_true" unchecked="checkbox_false" />
			</object>

			<object type="checkbox">
				<placement x="%col1_x%" y="%row14_text_y%" />
				<font resource="font" color="%text_color%" />
				<text>Enable MD5 checking of backup files</text>
				<data variable="tw_skip_md5_check" />
				<image checked="checkbox_true" unchecked="checkbox_false" />
			</object>

			<object type="action">
				<touch key="home" />
				<action function="page">main</action>
			</object>

			<object type="action">
				<touch key="back" />
				<action function="page">restore</action>
			</object>


		</page>

		<page name="restore_run">
			<object type="template" name="headerAlternate" />

			<object type="text" color="%text_color%">
				<font resource="font" />
				<placement x="%center_x%" y="%row1_text_y%" placement="4" />
				<text>%tw_operation% %tw_partition%</text>
			</object>

			<object type="template" name="action_page_console" />

			<object type="template" name="progress_bar" />

			<object type="action">
				<conditions>
					<condition var1="tw_operation_state" var2="1" />
					<condition var1="tw_operation_status" var2="0" />
				</conditions>
				<actions>
					<action function="set">tw_back=restore_select</action>
					<action function="set">tw_complete_text1=Restore Complete</action>
					<action function="page">action_complete</action>
				</actions>
			</object>

			<object type="action">
				<conditions>
					<condition var1="tw_operation_state" var2="1" />
					<condition var1="tw_operation_status" var2="1" />
				</conditions>
				<actions>
					<action function="set">tw_back=restore_select</action>
					<action function="set">tw_complete_text1=Restore Complete</action>
					<action function="page">action_complete</action>
				</actions>
			</object>

			<object type="action">
				<action function="nandroid">restore</action>
			</object>
		</page>

		<page name="mount">
			<object type="template" name="header" />

			<object type="text" color="%text_color%">
				<font resource="font" />
				<placement x="%center_x%" y="%row1_header_y%" placement="4" />
				<text>Mount Menu</text>
			</object>

			<object type="button">
				<condition var1="tw_has_usb_storage" var2="1" />
				<placement x="%col1_x%" y="%row1_text_y%" />
				<font resource="font" color="%text_color%" />
				<condition var1="mounted" op="!=" var2="/system" />
				<text>Mount System</text>
				<image resource="checkbox_false" />
				<action function="mount">/system</action>
			</object>

			<object type="button">
				<placement x="%col1_x%" y="%row1_text_y%" />
				<font resource="font" color="%text_color%" />
				<condition var1="mounted" op="=" var2="/system" />
				<text>Unmount System</text>
				<image resource="checkbox_true" />
				<action function="umount">/system</action>
			</object>

			<object type="button">
				<placement x="%col1_x%" y="%row2_text_y%" />
				<font resource="font" color="%text_color%" />
				<condition var1="mounted" op="!=" var2="/data" />
				<text>Mount Data</text>
				<image resource="checkbox_false" />
				<action function="mount">/data</action>
			</object>

			<object type="button">
				<placement x="%col1_x%" y="%row2_text_y%" />
				<font resource="font" color="%text_color%" />
				<condition var1="mounted" op="=" var2="/data" />
				<text>Unmount Data</text>
				<image resource="checkbox_true" />
				<action function="umount">/data</action>
			</object>

			<object type="button">
				<placement x="%col1_x%" y="%row3_text_y%" />
				<font resource="font" color="%text_color%" />
				<condition var1="mounted" op="!=" var2="/cache" />
				<text>Mount Cache</text>
				<image resource="checkbox_false" />
				<action function="mount">/cache</action>
			</object>

			<object type="button">
				<placement x="%col1_x%" y="%row3_text_y%" />
				<font resource="font" color="%text_color%" />
				<condition var1="mounted" op="=" var2="/cache" />
				<text>Unmount Cache</text>
				<image resource="checkbox_true" />
				<action function="umount">/cache</action>
			</object>

			<object type="button">
				<placement x="%col1_x%" y="%row4_text_y%" />
				<font resource="font" color="%text_color%" />
				<conditions>
					<condition var1="tw_has_external" var2="1" />
					<condition var1="mounted" op="!=" var2="EXTERNAL" />
				</conditions>
				<text>Mount SDCard</text>
				<image resource="checkbox_false" />
				<action function="mount">EXTERNAL</action>
			</object>

			<object type="button">
				<placement x="%col1_x%" y="%row4_text_y%" />
				<font resource="font" color="%text_color%" />
				<conditions>
					<condition var1="tw_has_external" var2="1" />
					<condition var1="mounted" op="=" var2="EXTERNAL" />
				</conditions>
				<text>Unmount SDCard</text>
				<image resource="checkbox_true" />
				<action function="umount">EXTERNAL</action>
			</object>

			<object type="button">
				<placement x="%col2_x%" y="%row4_text_y%" />
				<font resource="font" color="%text_color%" />
				<conditions>
					<condition var1="tw_has_internal" var2="1" />
					<condition var1="tw_has_data_media" var2="0" />
					<condition var1="mounted" op="!=" var2="INTERNAL" />
				</conditions>
				<text>                                 Mount Internal</text>
				<image resource="checkbox_false" />
				<action function="mount">INTERNAL</action>
			</object>

			<object type="button">
				<placement x="%col2_x%" y="%row4_text_y%" />
				<font resource="font" color="%text_color%" />
				<conditions>
					<condition var1="tw_has_internal" var2="1" />
					<condition var1="tw_has_data_media" var2="0" />
					<condition var1="mounted" op="=" var2="INTERNAL" />
				</conditions>
				<text>                                 Unmount Internal</text>
				<image resource="checkbox_true" />
				<action function="umount">INTERNAL</action>
			</object>

			<object type="button">
				<conditions>
					<condition var1="tw_has_sdext_partition" var2="1" />
					<condition var1="mounted" op="!=" var2="/sd-ext" />
				</conditions>
				<placement x="%col1_x%" y="%row5_text_y%" />
				<font resource="font" color="%text_color%" />
				<text>Mount SD-Ext</text>
				<image resource="checkbox_false" />
				<action function="mount">/sd-ext</action>
			</object>

			<object type="button">
				<placement x="%col1_x%" y="%row5_text_y%" />
				<font resource="font" color="%text_color%" />
				<condition var1="mounted" op="=" var2="/sd-ext" />
				<text>Unmount SD-Ext</text>
				<image resource="checkbox_true" />
				<action function="umount">/sd-ext</action>
			</object>

			<object type="button">
				<conditions>
					<condition var1="tw_boot_is_mountable" var2="1" />
					<condition var1="mounted" op="!=" var2="/boot" />
				</conditions>
				<placement x="%col1_x%" y="%row6_text_y%" />
				<font resource="font" color="#A0A0A0" />
				<text>Mount Boot</text>
				<image resource="checkbox_false" />
				<action function="mount">/boot</action>
			</object>

			<object type="button">
				<conditions>
					<condition var1="tw_boot_is_mountable" var2="1" />
					<condition var1="mounted" op="=" var2="/boot" />
				</conditions>

				<placement x="%col1_x%" y="%row6_text_y%" />
				<font resource="font" color="#A0A0A0" />
				<text>Unmount Boot</text>
				<image resource="checkbox_true" />
				<action function="umount">/boot</action>
			</object>

			<object type="button">
				<placement x="%col1_x%" y="%row8_text_y%" />
				<font resource="font" color="%text_color%" />
				<conditions>
					<condition var1="tw_has_dual_storage" var2="1" />
					<condition var1="tw_use_external_storage" var2="1" />
				</conditions>
				<text>Use external SDCard</text>
				<image resource="checkbox_true" />
				<action function="togglestorage">external</action>
			</object>

			<object type="button">
				<placement x="%col1_x%" y="%row8_text_y%" />
				<font resource="font" color="%text_color%" />
				<conditions>
					<condition var1="tw_has_dual_storage" var2="1" />
					<condition var1="tw_use_external_storage" var2="0" />
				</conditions>
				<text>Use external SDCard</text>
				<image resource="checkbox_false" />
				<action function="togglestorage">external</action>
			</object>

			<object type="button">
				<placement x="%col2_x%" y="%row8_text_y%" />
				<font resource="font" color="%text_color%" />
				<conditions>
					<condition var1="tw_has_dual_storage" var2="1" />
					<condition var1="tw_use_external_storage" var2="1" />
				</conditions>
				<text>                                 Use internal storage</text>
				<image resource="checkbox_false" />
				<action function="togglestorage">internal</action>
			</object>

			<object type="button">
				<placement x="%col2_x%" y="%row8_text_y%" />
				<font resource="font" color="%text_color%" />
				<conditions>
					<condition var1="tw_has_dual_storage" var2="1" />
					<condition var1="tw_use_external_storage" var2="0" />
				</conditions>
				<text>                                 Use internal storage</text>
				<image resource="checkbox_true" />
				<action function="togglestorage">internal</action>
			</object>

			<object type="button">
				<placement x="%col1_x%" y="row3_y" />
				<font resource="font" color="%button_text_color%" />
				<text>Mount USB Storage</text>
				<image resource="main_button" />
				<action function="page">usb_mount</action>
			</object>

			<object type="action">
				<touch key="home" />
				<action function="page">main</action>
			</object>

			<object type="action">
				<touch key="back" />
				<action function="page">main</action>
			</object>


		</page>

		<page name="usb_mount">
			<object type="template" name="headerAlternate" />

			<object type="text" color="%text_color%">
				<font resource="font" />
				<placement x="%center_x%" y="%row1_header_y%" placement="4" />
				<text>USB Storage Mounted</text>
			</object>

			<object type="text" color="%text_color%">
				<placement x="%col1_x%" y="%row2_text_y%" />
				<font resource="font" />
				<text>Be sure to safely remove your device</text>
			</object>

			<object type="text" color="%text_color%">
				<placement x="%col1_x%" y="%row3_text_y%" />
				<font resource="font" />
				<text>from your computer before unmounting!</text>
			</object>

			<object type="button">
				<placement x="%col1_x%" y="%row3_y%" />
				<font resource="font" color="%button_text_color%" />
				<text>Unmount</text>
				<image resource="main_button" />
				<action function="page">usb_umount</action>
			</object>

			<object type="action">
				<action function="mount">usb</action>
			</object>
		</page>

		<page name="usb_umount">
			<object type="action">
				<action function="unmount">usb</action>
			</object>

			<object type="action">
				<action function="page">mount</action>
			</object>
		</page>

		<page name="reboot">
			<object type="template" name="header" />

			<object type="text" color="%text_color%">
				<font resource="font" />
				<placement x="%center_x%" y="%row1_header_y%" placement="4" />
				<text>Reboot Menu</text>
			</object>

			<object type="button">
				<condition var1="tw_reboot_system" var2="1" />
				<placement x="%col1_x%" y="%menu_row1_y%" />
				<font resource="font" color="%button_text_color%" />
				<text>System</text>
				<image resource="main_button" />
				<action function="reboot">system</action>
			</object>

			<object type="button">
				<condition var1="tw_reboot_poweroff" var2="1" />
				<placement x="%col2_x%" y="%menu_row1_y%" />
				<font resource="font" color="%button_text_color%" />
				<text>Power Off</text>
				<image resource="main_button" />
				<action function="reboot">poweroff</action>
			</object>

			<object type="button">
				<condition var1="tw_reboot_recovery" var2="1" />
				<placement x="%col1_x%" y="%menu_row2_y%" />
				<font resource="font" color="%button_text_color%" />
				<text>Recovery</text>
				<image resource="main_button" />
				<action function="reboot">recovery</action>
			</object>

			<object type="button">
				<condition var1="tw_reboot_bootloader" var2="1" />
				<placement x="%col2_x%" y="%menu_row2_y%" />
				<font resource="font" color="%button_text_color%" />
				<text>Bootloader</text>
				<image resource="main_button" />
				<action function="reboot">bootloader</action>
			</object>

			<object type="action">
				<touch key="home" />
				<action function="page">main</action>
			</object>

			<object type="action">
				<touch key="back" />
				<action function="page">main</action>
			</object>


		</page>

		<page name="settings">
			<object type="template" name="header" />

			<object type="text" color="%text_color%">
				<font resource="font" />
				<placement x="%center_x%" y="%row1_header_y%" placement="4" />
				<text>Settings</text>
			</object>

			<object type="checkbox">
				<placement x="%col1_x%" y="%row1_text_y%" />
				<font resource="font" color="%text_color%" />
				<text>Zip file signature verification?</text>
				<data variable="tw_signed_zip_verify" />
				<image checked="checkbox_true" unchecked="checkbox_false" />
			</object>

			<object type="checkbox">
				<placement x="%col1_x%" y="%row2_text_y%" />
				<font resource="font" color="%text_color%" />
				<text>Force MD5 check on all zips?</text>
				<data variable="tw_force_md5_check" />
				<image checked="checkbox_true" unchecked="checkbox_false" />
			</object>

			<object type="checkbox">
				<placement x="%col1_x%" y="%row3_text_y%" />
				<font resource="font" color="%text_color%" />
				<text>Use rm -rf instead of formatting?</text>
				<data variable="tw_rm_rf" />
				<image checked="checkbox_true" unchecked="checkbox_false" />
			</object>

			<object type="checkbox">
				<placement x="%col1_x%" y="%row4_text_y%" />
				<font resource="font" color="%text_color%" />
				<text>Skip MD5 generation on backups</text>
				<data variable="tw_skip_md5_generate" />
				<image checked="checkbox_true" unchecked="checkbox_false" />
			</object>

			<object type="checkbox">
				<placement x="%col1_x%" y="%row5_text_y%" />
				<font resource="font" color="%text_color%" />
				<text>Enable MD5 checking of backup files</text>
				<data variable="tw_skip_md5_check" />
				<image checked="checkbox_true" unchecked="checkbox_false" />
			</object>

			<object type="checkbox">
				<placement x="%col1_x%" y="%row6_text_y%" />
				<font resource="font" color="%text_color%" />
				<text>Ignore image size errors during backup</text>
				<data variable="tw_ignore_image_size" />
				<image checked="checkbox_true" unchecked="checkbox_false" />
			</object>

			<object type="checkbox">
				<placement x="%col1_x%" y="%row7_text_y%" />
				<font resource="font" color="%text_color%" />
				<text>Simulate most actions for theme testing</text>
				<data variable="tw_simulate_actions" />
				<image checked="checkbox_true" unchecked="checkbox_false" />
			</object>

			<object type="checkbox">
				<condition var1="tw_simulate_actions" var2="1" />
				<placement x="%col1_x%" y="%row8_text_y%" />
				<font resource="font" color="%text_color%" />
				<text>Simulate failure for actions</text>
				<data variable="tw_simulate_fail" />
				<image checked="checkbox_true" unchecked="checkbox_false" />
			</object>

			<object type="button">
				<placement x="%col1_x%" y="%row3_y%" />
				<font resource="font" color="%button_text_color%" />
				<text>Time Zone</text>
				<image resource="main_button" />
				<action function="page">timezone</action>
			</object>

			<object type="button">
				<placement x="%col_center_x%" y="%row4_y%" />
				<font resource="font" color="%button_text_color%" />
				<text>Restore Defaults</text>
				<image resource="main_button" />
				<action function="restoredefaultsettings"></action>
			</object>

			<object type="action">
				<touch key="home" />
				<action function="page">main</action>
			</object>

			<object type="action">
				<touch key="back" />
				<action function="page">main</action>
			</object>


		</page>

		<page name="timezone">
			<object type="template" name="header" />

			<object type="text" color="%text_color%">
				<font resource="font" />
				<placement x="%center_x%" y="%row1_header_y%" placement="4" />
				<text>Select Time Zone</text>
			</object>

			<object type="listbox">
				<placement x="5" y="%row1_y%" w="470" h="280" />
				<icon selected="radio_true" unselected="radio_false" />
				<background color="#545454" />
				<font resource="font" spacing="18" color="%text_color%" />
				<data name="tw_time_zone_guisel" />
				<listitem name="GMT 0">GMT0;BST</listitem>
				<listitem name="Azores (AZOST -1)">AZOREST1;AZOREDT</listitem>
				<listitem name="Falklands (FKT -2)">FALKST2;FALKDT</listitem>
				<listitem name="Greenland (-3)">GRNLNDST3;GRNLNDDT</listitem>
				<listitem name="Atlantic (AST -4)">AST4;ADT</listitem>
				<listitem name="Eastern (EST -5)">EST5;EDT</listitem>
				<listitem name="Central (CST -6)">CST6;CDT</listitem>
				<listitem name="Mountain (MST -7)">MST7;MDT</listitem>
				<listitem name="Pacific (PST -8)">PST8;PDT</listitem>
				<listitem name="AST -9">AST9;ADT</listitem>
				<listitem name="Hawaii (HST -10)">HST10;HDT</listitem>
				<listitem name="Bangladesh (BST -11)">BST11;BDT</listitem>
				<listitem name="Norfolk (NFT +1)">NFT-1;DFT</listitem>
				<listitem name="USAST +2">USAST-2;USADT</listitem>
				<listitem name="WET +2">WET-2;WET</listitem>
				<listitem name="SAUST +3">SAUST-3;SAUDT</listitem>
				<listitem name="MEST +3">MEST-3;MEDT</listitem>
				<listitem name="Western (WST +4)">WST-4;WDT</listitem>
				<listitem name="PAKST +5">PAKST-5;PAKDT</listitem>
				<listitem name="TASHST +6">TASHST-6;TASHDT</listitem>
				<listitem name="THAIST +7">THAIST-7;THAIDT</listitem>
				<listitem name="TAIST +8">TAIST-8;TAIDT</listitem>
				<listitem name="WAUST +8">WAUST-8;WAUDT</listitem>
				<listitem name="KORST +9">KORST-9;KORDT</listitem>
				<listitem name="Japan (JST +9)">JST-9;JSTDT</listitem>
				<listitem name="EET +10">EET-10;EETDT</listitem>
				<listitem name="MET +11">MET-11;METDT</listitem>
				<listitem name="New Zealand (NZST +12)">NZST-12;NZDT</listitem>
			</object>

			<object type="checkbox">
				<placement x="%col1_x%" y="%row11_text_y%" />
				<font resource="font" color="%text_color%" />
				<text>Do you use daylight savings time (DST)?</text>
				<data variable="tw_time_zone_guidst" />
				<image checked="checkbox_true" unchecked="checkbox_false" />
			</object>

			<object type="text" color="%text_color%">
				<font resource="font" />
				<placement x="%center_x%" y="%row12_text_y%" placement="4" />
				<text>Offset (usually 0): %tw_time_zone_guioffset%</text>
			</object>

			<object type="button">
				<placement x="%col1_medium_x%" y="%row6_medium_y%" />
				<font resource="font" color="%button_text_color%" />
				<text>None</text>
				<image resource="medium_button" />
				<action function="set">tw_time_zone_guioffset=0</action>
			</object>

			<object type="button">
				<placement x="%col2_medium_x%" y="%row6_medium_y%" />
				<font resource="font" color="%button_text_color%" />
				<text>15</text>
				<image resource="medium_button" />
				<action function="set">tw_time_zone_guioffset=15</action>
			</object>

			<object type="button">
				<placement x="%col3_medium_x%" y="%row6_medium_y%" />
				<font resource="font" color="%button_text_color%" />
				<text>30</text>
				<image resource="medium_button" />
				<action function="set">tw_time_zone_guioffset=30</action>
			</object>

			<object type="button">
				<placement x="%col4_medium_x%" y="%row6_medium_y%" />
				<font resource="font" color="%button_text_color%" />
				<text>45</text>
				<image resource="medium_button" />
				<action function="set">tw_time_zone_guioffset=45</action>
			</object>

			<object type="button">
				<placement x="%col_center_x%" y="%tz_set_y%" />
				<font resource="font" color="%button_text_color%" />
				<text>Set Time Zone</text>
				<image resource="main_button" />
				<action function="setguitimezone"></action>
			</object>

			<object type="text" color="%text_color%">
				<font resource="font" />
				<placement x="%center_x%" y="%tz_current_y%" placement="4" />
				<text>Current Time Zone: %tw_time_zone%</text>
			</object>

			<object type="action">
				<touch key="home" />
				<action function="page">main</action>
			</object>

			<object type="action">
				<touch key="back" />
				<action function="page">settings</action>
			</object>


		</page>

		<page name="advanced">
			<object type="template" name="header" />

			<object type="text" color="%text_color%">
				<font resource="font" />
				<placement x="%center_x%" y="%row1_header_y%" placement="4" />
				<text>Advanced</text>
			</object>

			<object type="button">
				<placement x="%col1_x%" y="%menu_row1_y%" />
				<font resource="font" color="%button_text_color%" />
				<text>Copy Log to SD</text>
				<image resource="main_button" />
				<actions>
					<action function="set">tw_back=advanced</action>
					<action function="set">tw_action=copylog</action>
					<action function="set">tw_text1=Copy Log to SD Card?</action>
					<action function="set">tw_action_text1=Copying Log to SD Card...</action>
					<action function="set">tw_complete_text1=Log Copy Complete</action>
					<action function="set">tw_slider_text=Swipe to Confirm</action>
					<action function="page">confirm_action</action>
				</actions>
			</object>

			<object type="button">
				<placement x="%col2_x%" y="%menu_row1_y%" />
				<font resource="font" color="%button_text_color%" />
				<text>Fix Permissions</text>
				<image resource="main_button" />
				<actions>
					<action function="set">tw_back=advanced</action>
					<action function="set">tw_action=fixpermissions</action>
					<action function="set">tw_text1=Fix Permissions?</action>
					<action function="set">tw_text2=This will take a few minutes.</action>
					<action function="set">tw_action_text1=Fixing Permissions...</action>
					<action function="set">tw_action_text2=This will take a few minutes.</action>
					<action function="set">tw_complete_text1=Fix Permissions Complete</action>
					<action function="set">tw_slider_text=Swipe to Confirm</action>
					<action function="page">confirm_action</action>
				</actions>
			</object>

			<object type="button">
				<condition var1="tw_allow_partition_sdcard" var2="1" />
				<placement x="%col1_x%" y="%menu_row2_y%" />
				<font resource="font" color="%button_text_color%" />
				<text>Partition SD Card</text>
				<image resource="main_button" />
				<action function="page">partsdcard</action>
			</object>
			
			<object type="button">
				<placement x="%col1_x%" y="490" />
				<font resource="font" color="%button_text_color%" />
				<text>About Theme</text>
				<image resource="main_button" />
				<action function="page">info</action>
			</object>
			
			<object type="button">
				<placement x="%col2_x%" y="490" />
				<font resource="font" color="%button_text_color%" />
				<text>Console</text>
				<image resource="main_button" />
				<action function="page">console</action>
			</object>

			<object type="button">
				<placement x="%col2_x%" y="%menu_row2_y%" />
				<font resource="font" color="%button_text_color%" />
				<text>File Manager</text>
				<image resource="main_button" />
				<action function="page">filemanagerlist</action>
			</object>

			<object type="button">
				<condition var1="tw_show_dumlock" var2="1" />
				<placement x="%col2_x%" y="%row4_y%" />
				<font resource="font" color="%button_text_color%" />
				<text>HTC Dumlock</text>
				<image resource="main_button" />
				<action function="page">htcdumlock</action>
			</object>

			<object type="action">
				<touch key="home" />
				<action function="page">main</action>
			</object>

			<object type="action">
				<touch key="back" />
				<action function="page">main</action>
			</object>


		</page>

		<page name="partsdcard">
			<object type="template" name="header" />

			<object type="text" color="%text_color%">
				<font resource="font" />
				<placement x="%center_x%" y="%row1_header_y%" placement="4" />
				<text>Partition SD Card</text>
			</object>

			<object type="button">
				<placement x="%col1_x%" y="190" />
				<font resource="font" color="%button_text_color%" />
				<text></text>
				<image resource="minus_button" />
				<action function="addsubtract">tw_sdext_size-128</action>
			</object>

			<object type="button">
				<placement x="220" y="190" />
				<font resource="font" color="%button_text_color%" />
				<text></text>
				<image resource="plus_button" />
				<action function="addsubtract">tw_sdext_size+128</action>
			</object>

			<object type="text" color="%text_color%">
				<font resource="font" />
				<placement x="81" y="195" />
				<text>EXT Size: %tw_sdext_size%</text>
			</object>

			<object type="button">
				<placement x="%col1_x%" y="240" />
				<font resource="font" color="%button_text_color%" />
				<text></text>
				<image resource="minus_button" />
				<action function="addsubtract">tw_swap_size-32</action>
			</object>

			<object type="button">
				<placement x="220" y="240" />
				<font resource="font" color="%button_text_color%" />
				<text></text>
				<image resource="plus_button" />
				<action function="addsubtract">tw_swap_size+32</action>
			</object>

			<object type="text" color="%text_color%">
				<font resource="font" />
				<placement x="81" y="245" />
				<text>Swap Size: %tw_swap_size%</text>
			</object>

			<object type="text" color="%text_color%">
				<font resource="font" />
				<placement x="%col1_x%" y="290" />
				<text>File system: %tw_sdpart_file_system%</text>
			</object>

			<object type="button">
				<placement x="%col1_x%" y="330" />
				<font resource="font" color="%button_text_color%" />
				<text>EXT3</text>
				<image resource="main_button" />
				<action function="set">tw_sdpart_file_system=ext3</action>
			</object>

			<object type="button">
				<placement x="%col2_x%" y="330" />
				<font resource="font" color="%button_text_color%" />
				<text>EXT4</text>
				<image resource="main_button" />
				<action function="set">tw_sdpart_file_system=ext4</action>
			</object>

			<object type="text" color="%text_color%">
				<font resource="font" />
				<placement x="%col1_x%" y="510" />
				<text>You will lose all files on your SD card!</text>
			</object>

			<object type="text" color="%text_color%">
				<font resource="font" />
				<placement x="%col1_x%" y="550" />
				<text>This action cannot be undone!</text>
			</object>

			<object type="slider">
				<placement x="%slider_x%" y="%slider_y%" />
				<resource base="slider" used="slider-used" touch="slider-touch" />
				<action function="page">partsdcardaction</action>
				<actions>
					<action function="set">tw_back=partsdcard</action>
					<action function="set">tw_action=partitionsd</action>
					<action function="set">tw_has_action2=1</action>
					<action function="set">tw_action2=set</action>
					<action function="set">tw_action2_param=tw_zip_location=/sdcard</action>
					<action function="set">tw_action_text1=Partitioning SD Card...</action>
					<action function="set">tw_action_text2=This will take a few minutes.</action>
					<action function="set">tw_complete_text1=Fix Permissions Complete</action>
					<action function="page">action_page</action>
				</actions>
			</object>

			<object type="text" color="%text_color%">
				<font resource="font" />
				<placement x="%center_x%" y="%slider_text_y%" placement="4" />
				<text>Swipe to Partition</text>
			</object>

			<object type="action">
				<touch key="home" />
				<action function="page">main</action>
			</object>

			<object type="action">
				<touch key="back" />
				<action function="page">advanced</action>
			</object>


		</page>

		<page name="htcdumlock">
			<object type="template" name="header" />

			<object type="text" color="%text_color%">
				<font resource="font" />
				<placement x="%center_x%" y="%row1_header_y%" placement="4" />
				<text>HTC Dumlock</text>
			</object>

			<object type="button">
				<condition var1="tw_show_dumlock" var2="1" />
				<placement x="%col1_x%" y="%row1_y%" />
				<font resource="font" color="%button_text_color%" />
				<text>Restore Original Boot</text>
				<image resource="main_button" />
				<actions>
					<action function="set">tw_back=htcdumlock</action>
					<action function="set">tw_action=htcdumlockrestoreboot</action>
					<action function="set">tw_text1=Restore original boot image?</action>
					<action function="set">tw_action_text1=Restoring Original Boot...</action>
					<action function="set">tw_complete_text1=Restore Original Boot Complete</action>
					<action function="set">tw_slider_text=Swipe to Confirm</action>
					<action function="page">confirm_action</action>
				</actions>
			</object>

			<object type="button">
				<condition var1="tw_show_dumlock" var2="1" />
				<placement x="%col2_x%" y="%row1_y%" />
				<font resource="font" color="%button_text_color%" />
				<text>Reflash Recovery</text>
				<image resource="main_button" />
				<actions>
					<action function="set">tw_back=htcdumlock</action>
					<action function="set">tw_action=htcdumlockreflashrecovery</action>
					<action function="set">tw_text1=Reflash recovery to boot?</action>
					<action function="set">tw_action_text1=Flashing recovery to boot...</action>
					<action function="set">tw_complete_text1=Recovery Flash to Boot Complete</action>
					<action function="set">tw_slider_text=Swipe to Confirm</action>
					<action function="page">confirm_action</action>
				</actions>
			</object>

			<object type="button">
				<condition var1="tw_show_dumlock" var2="1" />
				<placement x="%col1_x%" y="%row2_y%" />
				<font resource="font" color="%button_text_color%" />
				<text>Install HTC Dumlock</text>
				<image resource="main_button" />
				<actions>
					<action function="set">tw_back=htcdumlock</action>
					<action function="set">tw_action=installhtcdumlock</action>
					<action function="set">tw_text1=Install HTC dumlock files to ROM?</action>
					<action function="set">tw_action_text1=Installing HTC Dumlock...</action>
					<action function="set">tw_complete_text1=HTC Dumlock Install Complete</action>
					<action function="set">tw_slider_text=Swipe to Confirm</action>
					<action function="page">confirm_action</action>
				</actions>
			</object>

			<object type="action">
				<touch key="home" />
				<action function="page">main</action>
			</object>

			<object type="action">
				<touch key="back" />
				<action function="page">advanced</action>
			</object>


		</page>

		<page name="lock">
			<background color="#000000A0" />

			<object type="image">
				<image resource="unlock-icon" />
			<!--Edited for new img-->
				<placement x="1" y="100" />
			</object>

			<object type="slider">
				<placement x="%slider_x%" y="%slider_y%" />
				<resource base="slider" used="slider-used" touch="slider-touch" />
				<action function="overlay"></action>
			</object>

			<object type="text" color="%text_color%">
				<font resource="font" />
				<placement x="%center_x%" y="%slider_text_y%" placement="4" />
				<text>Swipe to Unlock</text>
			</object>
		</page>

		<page name="filemanagerlist">
			<object type="template" name="header" />

			<object type="text" color="%text_color%">
				<font resource="font" />
				<placement x="%center_x%" y="%row1_header_y%" placement="4" />
				<text>File Manager: Select a File</text>
			</object>

			<object type="fileselector">
				<placement x="5" y="132" w="470" h="520" />
				<icon folder="folder_icon" file="file_icon" />
				<background color="#303030" />
				<font resource="filelist" spacing="18" color="%text_color%" />
				<folders="1" files="1" />
				<path name="tw_file_location1" default="/sdcard" />
				<data name="tw_filename1" />
			</object>

			<object type="template" name="sort_options" />

			<object type="action">
				<touch key="home" />
				<action function="page">main</action>
			</object>

			<object type="action">
				<touch key="back" />
				<action function="page">advanced</action>
			</object>

			<object type="action">
				<condition var1="tw_filename1" op="modified" />
				<actions>
					<action function="page">filemanageroptions</action>
				</actions>
			</object>


		</page>

		<page name="filemanageroptions">
			<object type="template" name="header" />

			<object type="text" color="%text_color%">
				<font resource="font" />
				<placement x="%center_x%" y="%row1_text_y%" placement="4"/>
				<text>File Selected:</text>
			</object>

			<object type="text" color="%text_color%">
				<font resource="font" />
				<placement x="%center_x%" y="%row2_text_y%" placement="4"/>
				<text>%tw_filename1%</text>
			</object>

			<object type="button">
				<placement x="%col1_x%" y="%row2_y%" />
				<font resource="font" color="%button_text_color%" />
				<text>Copy</text>
				<image resource="main_button" />
				<actions>
					<action function="set">tw_filemanager_command=cp</action>
					<action function="set">tw_fm_text1=Copying</action>
					<action function="page">choosedestinationfolder</action>
				</actions>
			</object>

			<object type="button">
				<placement x="%col2_x%" y="%row2_y%" />
				<font resource="font" color="%button_text_color%" />
				<text>Move</text>
				<image resource="main_button" />
				<actions>
					<action function="set">tw_filemanager_command=mv</action>
					<action function="set">tw_fm_text1=Moving</action>
					<action function="page">choosedestinationfolder</action>
				</actions>
			</object>

			<object type="button">
				<placement x="%col1_x%" y="%row3_y%" />
				<font resource="font" color="%button_text_color%" />
				<text>chmod 755</text>
				<image resource="main_button" />
				<actions>
					<action function="set">tw_filemanager_command=chmod 755</action>
					<action function="set">tw_fm_text1=chmod 755</action>
					<action function="set">tw_fm_text2=</action>
					<action function="set">tw_fm_text3=</action>
					<action function="set">tw_include_text3=0</action>
					<action function="set">tw_back=filemanageroptions</action>
					<action function="page">filemanagerconfirm</action>
				</actions>
			</object>

			<object type="button">
				<placement x="%col2_x%" y="%row3_y%" />
				<font resource="font" color="%button_text_color%" />
				<text>chmod 000</text>
				<image resource="main_button" />
				<actions>
					<action function="set">tw_filemanager_command=chmod 000</action>
					<action function="set">tw_fm_text1=chmod 000</action>
					<action function="set">tw_fm_text2=</action>
					<action function="set">tw_fm_text3=</action>
					<action function="set">tw_include_text3=0</action>
					<action function="set">tw_back=filemanageroptions</action>
					<action function="page">filemanagerconfirm</action>
				</actions>
			</object>

			<object type="button">
				<placement x="%col1_x%" y="%row4_y%" />
				<font resource="font" color="%button_text_color%" />
				<text>Delete</text>
				<image resource="main_button" />
				<actions>
					<action function="set">tw_filemanager_command=rm</action>
					<action function="set">tw_fm_text1=Deleting</action>
					<action function="set">tw_fm_text2=</action>
					<action function="set">tw_fm_text3=</action>
					<action function="set">tw_include_text3=0</action>
					<action function="set">tw_back=filemanageroptions</action>
					<action function="page">filemanagerconfirm</action>
				</actions>
			</object>

			<object type="action">
				<touch key="home" />
				<action function="page">main</action>
			</object>

			<object type="action">
				<touch key="back" />
				<action function="page">filemanagerlist</action>
			</object>


		</page>

		<page name="choosedestinationfolder">
			<object type="template" name="header" />

			<object type="text" color="%text_color%">
				<font resource="font" />
				<placement x="%center_x%" y="%row1_header_y%" placement="4"/>
				<text>Browse to Destination Folder & Press Select</text>
			</object>

			<object type="fileselector">
				<placement x="5" y="132" w="470" h="520" />
				<icon folder="folder_icon" file="file_icon" />
				<background color="#303030" />
				<font resource="filelist" spacing="18" color="%text_color%" />
				<filter folders="1" files="0" />
				<path name="tw_file_location2" default="/sdcard" />
				<data name="tw_filename2" />
			</object>

			<object type="template" name="sort_options" />

			<object type="action">
				<touch key="home" />
				<action function="page">main</action>
			</object>

			<object type="action">
				<touch key="back" />
				<action function="page">filemanageroptions</action>
			</object>

			<object type="button">
				<placement x="%col4_medium_x%" y="%sort_asc_button_y%" />
				<font resource="font" color="%button_text_color%" />
				<text>Select</text>
				<image resource="medium_button" />
				<actions>
					<action function="set">tw_fm_text2=to</action>
					<action function="set">tw_fm_text3=%tw_file_location2%</action>
					<action function="set">tw_include_text3=1</action>
					<action function="set">tw_back=filemanageroptions</action>
					<action function="page">filemanagerconfirm</action>
				</actions>
			</object>


		</page>

		<page name="filemanagerconfirm">
			<object type="template" name="header" />

			<object type="text" color="%text_color%">
				<font resource="font" />
				<placement x="%center_x%" y="%row1_text_y%" placement="4"/>
				<text>%tw_fm_text1%</text>
			</object>

			<object type="text" color="%text_color%">
				<font resource="font" />
				<placement x="%center_x%" y="%row2_text_y%" placement="4"/>
				<text>%tw_filename1%</text>
			</object>

			<object type="text" color="%text_color%">
				<font resource="font" />
				<placement x="%center_x%" y="%row3_text_y%" placement="4"/>
				<text>%tw_fm_text2%</text>
			</object>

			<object type="text" color="%text_color%">
				<font resource="font" />
				<placement x="%center_x%" y="%row4_text_y%" placement="4"/>
				<text>%tw_fm_text3%</text>
			</object>

			<object type="text" color="%text_color%">
				<font resource="font" />
				<placement x="%center_x%" y="%row10_text_y%" placement="4"/>
				<text>Press back button to cancel.</text>
			</object>

			<object type="slider">
				<placement x="%slider_x%" y="%slider_y%" />
				<resource base="slider" used="slider-used" touch="slider-touch" />
				<action function="page">filemanageracction</action>
			</object>
			
			<object type="text" color="%text_color%">
				<font resource="font" />
				<placement x="%center_x%" y="%slider_text_y%" placement="4" />
				<text>Swipe to Confirm</text>
			</object>

			<object type="action">
				<touch key="back" />
				<action function="page">%tw_back%</action>
			</object>

			<object type="action">
				<touch key="home" />
				<action function="page">main</action>
			</object>
				

		</page>

		<page name="filemanageracction">
			<object type="template" name="header" />

			<object type="text" color="%text_color%">
				<font resource="font" />
				<placement x="%center_x%" y="%row1_text_y%" placement="4" />
				<text>%tw_fm_text1%</text>
			</object>

			<object type="template" name="action_page_console" />

			<object type="template" name="progress_bar" />

			<object type="action">
				<conditions>
					<condition var1="tw_operation_state" var2="1" />
					<condition var1="tw_operation_status" var2="0" />
				</conditions>
				<actions>
					<action function="set">tw_complete_text1=File Operation Complete</action>
					<action function="page">action_complete</action>
				</actions>
			</object>

			<object type="action">
				<conditions>
					<condition var1="tw_operation_state" var2="1" />
					<condition var1="tw_operation_status" op="!=" var2="0" />
				</conditions>
				<actions>
					<action function="set">tw_complete_text1=File Operation Complete</action>
					<action function="page">action_complete</action>
				</actions>
			</object>

			<object type="action">
				<condition var1="tw_include_text3" var2="0" />
				<actions>
					<action function="cmd">%tw_filemanager_command% &quot;%tw_filename1%&quot;</action>
				</actions>
			</object>

			<object type="action">
				<condition var1="tw_include_text3" var2="1" />
				<actions>
					<action function="cmd">%tw_filemanager_command% &quot;%tw_filename1%&quot; &quot;%tw_fm_text3%&quot;</action>
				</actions>
			</object>
		</page>
		
		<page name="info">
			<object type="template" name="header" />
			
			<object type="action">
				<touch key="back" />
				<action function="page">advanced</action>
			</object>
			
			<object type="text" color="%info_text_color%">
				<font resource="font" />
				<placement x="%center_x%" y="%row1_header_y%" placement="4" />
				<text>Ice Cream Sandwich</text>
			</object>
			
			<object type="text" color="%info_text_color%">
				<font resource="font" />
				<placement x="%center_x%" y="%row3_text_y%" placement="4" />
				<text>Theme created by trter10,</text>
			</object>
			
			<object type="text" color="%info_text_color%">
				<font resource="font" />
				<placement x="%center_x%" y="%row4_text_y%" placement="4" />
				<text>Forum Manager, DroidKnows.com</text>
			</object>
			
			<object type="image">
				<placement x="1" y="500" />
				<image resource="DKLOGO" />
			</object>
			
			<object type="animation">
				<placement x="70" y="379" />
				<resource name="lovebotanim" />
				<speed fps="15" render="2" />
				<loop frame="1" />
			</object>
			
			<object type="animation">
				<placement x="373" y="379" />
				<resource name="lovebotanim" />
				<speed fps="15" render="2" />
				<loop frame="1" />
			</object>
			
			<object type="text" color="%info_text_color%">
				<font resource="font" />
				<placement x="%center_x%" y="400" placement="4" />
				<text>Thanks for using my theme!</text>
			</object>
		</page>
		
		<page name="console">
			<object type="template" name="header" />
			
			<object type="action">
				<touch key="back" />
				<action function="page">advanced</action>
			</object>
			
			<object type="console">
				<placement x="0" y="0" w="480" h="700" />
				<color foreground="#A0A0A0" background="#303030" scroll="#303030" />
				<font resource="fixed" />
			</object>
		</page>
	</pages>
</recovery>

